CandidateBreakDate,PreObservations,PostObservations,WaldFStatistic,NaivePointwisePValue,IsMaximum,Within95PercentOfMaximum,ExPostOnly,SupWaldGlobalBootstrapPValue,BreakDateUncertaintyStart,BreakDateUncertaintyEnd,TrimFraction,MinimumRegimeObservations,BootstrapBlockLength
1971-01-01,40,222,0.901959584684848,0.557378588097761,0,0,1,0.004,2014-07-01,2016-07-01,0.15,40,4
1971-04-01,41,221,1.13281013578105,0.329877860915574,0,0,1,0.004,2014-07-01,2016-07-01,0.15,40,4
1971-07-01,42,220,1.1597101273812,0.307579261107121,0,0,1,0.004,2014-07-01,2016-07-01,0.15,40,4
1971-10-01,43,219,1.11089572249419,0.348793222420249,0,0,1,0.004,2014-07-01,2016-07-01,0.15,40,4
1972-01-01,44,218,1.11841011751813,0.342232401055342,0,0,1,0.004,2014-07-01,2016-07-01,0.15,40,4
1972-04-01,45,217,1.28415907709288,0.217932689106049,0,0,1,0.004,2014-07-01,2016-07-01,0.15,40,4
1972-07-01,46,216,1.31864847485857,0.196978058559329,0,0,1,0.004,2014-07-01,2016-07-01,0.15,40,4
1972-10-01,47,215,1.36728407809558,0.170158695967248,0,0,1,0.004,2014-07-01,2016-07-01,0.15,40,4
1973-01-01,48,214,1.43184127925159,0.139209582517918,0,0,1,0.004,2014-07-01,2016-07-01,0.15,40,4
1973-04-01,49,213,1.4884146356606,0.116092091877756,0,0,1,0.004,2014-07-01,2016-07-01,0.15,40,4
1973-07-01,50,212,1.48025356406264,0.119210726923387,0,0,1,0.004,2014-07-01,2016-07-01,0.15,40,4
1973-10-01,51,211,1.49525932673541,0.113530499410084,0,0,1,0.004,2014-07-01,2016-07-01,0.15,40,4
1974-01-01,52,210,1.53205620679416,0.100575509217248,0,0,1,0.004,2014-07-01,2016-07-01,0.15,40,4
1974-04-01,53,209,1.585121222603,0.0841595288546156,0,0,1,0.004,2014-07-01,2016-07-01,0.15,40,4
1974-07-01,54,208,1.56782811120101,0.0892304009827392,0,0,1,0.004,2014-07-01,2016-07-01,0.15,40,4
1974-10-01,55,207,1.6768395607624,0.0612975051663456,0,0,1,0.004,2014-07-01,2016-07-01,0.15,40,4
1975-01-01,56,206,1.61860659145369,0.0750582004509035,0,0,1,0.004,2014-07-01,2016-07-01,0.15,40,4
1975-04-01,57,205,1.75590969343197,0.0462524273024153,0,0,1,0.004,2014-07-01,2016-07-01,0.15,40,4
1975-07-01,58,204,1.70969723500649,0.054576543372721,0,0,1,0.004,2014-07-01,2016-07-01,0.15,40,4
1975-10-01,59,203,1.71983646791226,0.0526416020210748,0,0,1,0.004,2014-07-01,2016-07-01,0.15,40,4
1976-01-01,60,202,1.7941997562655,0.0402525521468348,0,0,1,0.004,2014-07-01,2016-07-01,0.15,40,4
1976-04-01,61,201,1.9660770506344,0.0211802205176587,0,0,1,0.004,2014-07-01,2016-07-01,0.15,40,4
1976-07-01,62,200,1.96930263759646,0.0209209741329397,0,0,1,0.004,2014-07-01,2016-07-01,0.15,40,4
1976-10-01,63,199,1.96477860427372,0.0212854287513917,0,0,1,0.004,2014-07-01,2016-07-01,0.15,40,4
1977-01-01,64,198,1.96432190605673,0.0213225498672739,0,0,1,0.004,2014-07-01,2016-07-01,0.15,40,4
1977-04-01,65,197,1.96719066036253,0.0210903783325674,0,0,1,0.004,2014-07-01,2016-07-01,0.15,40,4
1977-07-01,66,196,2.05251332374443,0.0151801680092835,0,0,1,0.004,2014-07-01,2016-07-01,0.15,40,4
1977-10-01,67,195,2.08819502560859,0.0132066648429839,0,0,1,0.004,2014-07-01,2016-07-01,0.15,40,4
1978-01-01,68,194,2.17166485296979,0.00949908049076476,0,0,1,0.004,2014-07-01,2016-07-01,0.15,40,4
1978-04-01,69,193,2.1576685585224,0.0100422526642998,0,0,1,0.004,2014-07-01,2016-07-01,0.15,40,4
1978-07-01,70,192,2.86494060523297,0.000528608521930485,0,0,1,0.004,2014-07-01,2016-07-01,0.15,40,4
1978-10-01,71,191,2.96188810294589,0.000347497271903419,0,0,1,0.004,2014-07-01,2016-07-01,0.15,40,4
1979-01-01,72,190,2.89832523930584,0.000457653162974969,0,0,1,0.004,2014-07-01,2016-07-01,0.15,40,4
1979-04-01,73,189,2.96107764305013,0.000348722013814418,0,0,1,0.004,2014-07-01,2016-07-01,0.15,40,4
1979-07-01,74,188,2.9641869394875,0.000344046348668803,0,0,1,0.004,2014-07-01,2016-07-01,0.15,40,4
1979-10-01,75,187,3.05679999287969,0.000229867817690521,0,0,1,0.004,2014-07-01,2016-07-01,0.15,40,4
1980-01-01,76,186,3.07024412895781,0.000216757387436095,0,0,1,0.004,2014-07-01,2016-07-01,0.15,40,4
1980-04-01,77,185,2.99356149107694,0.000302813490582365,0,0,1,0.004,2014-07-01,2016-07-01,0.15,40,4
1980-07-01,78,184,3.5402579355699,2.71766764333714e-05,0,0,1,0.004,2014-07-01,2016-07-01,0.15,40,4
1980-10-01,79,183,3.54480146042596,2.66318664744469e-05,0,0,1,0.004,2014-07-01,2016-07-01,0.15,40,4
1981-01-01,80,182,3.85205408289185,6.73503656090091e-06,0,0,1,0.004,2014-07-01,2016-07-01,0.15,40,4
1981-04-01,81,181,3.69343199548751,1.37120947489855e-05,0,0,1,0.004,2014-07-01,2016-07-01,0.15,40,4
1981-07-01,82,180,3.83182193538594,7.37522334270935e-06,0,0,1,0.004,2014-07-01,2016-07-01,0.15,40,4
1981-10-01,83,179,3.83659088828974,7.21906746092849e-06,0,0,1,0.004,2014-07-01,2016-07-01,0.15,40,4
1982-01-01,84,178,4.20543017920477,1.3734071330207e-06,0,0,1,0.004,2014-07-01,2016-07-01,0.15,40,4
1982-04-01,85,177,4.10344884335993,2.17449214490184e-06,0,0,1,0.004,2014-07-01,2016-07-01,0.15,40,4
1982-07-01,86,176,4.12327841704563,1.98869612733077e-06,0,0,1,0.004,2014-07-01,2016-07-01,0.15,40,4
1982-10-01,87,175,4.52836315997857,3.2003558125826e-07,0,0,1,0.004,2014-07-01,2016-07-01,0.15,40,4
1983-01-01,88,174,4.51312035591615,3.42820477006178e-07,0,0,1,0.004,2014-07-01,2016-07-01,0.15,40,4
1983-04-01,89,173,4.55309544363384,2.86243377556339e-07,0,0,1,0.004,2014-07-01,2016-07-01,0.15,40,4
1983-07-01,90,172,4.70087284192649,1.46962697677999e-07,0,0,1,0.004,2014-07-01,2016-07-01,0.15,40,4
1983-10-01,91,171,4.68073908493261,1.6093373544912e-07,0,0,1,0.004,2014-07-01,2016-07-01,0.15,40,4
1984-01-01,92,170,4.72128284792004,1.3403829068892e-07,0,0,1,0.004,2014-07-01,2016-07-01,0.15,40,4
1984-04-01,93,169,4.65562579228114,1.80237440416953e-07,0,0,1,0.004,2014-07-01,2016-07-01,0.15,40,4
1984-07-01,94,168,4.65828367967589,1.78089344271548e-07,0,0,1,0.004,2014-07-01,2016-07-01,0.15,40,4
1984-10-01,95,167,4.67324458466211,1.66467217121991e-07,0,0,1,0.004,2014-07-01,2016-07-01,0.15,40,4
1985-01-01,96,166,4.68493789704444,1.57914433751571e-07,0,0,1,0.004,2014-07-01,2016-07-01,0.15,40,4
1985-04-01,97,165,4.6785489869648,1.62531457181814e-07,0,0,1,0.004,2014-07-01,2016-07-01,0.15,40,4
1985-07-01,98,164,4.69893745891591,1.48251199094673e-07,0,0,1,0.004,2014-07-01,2016-07-01,0.15,40,4
1985-10-01,99,163,4.71431002355594,1.38320516596124e-07,0,0,1,0.004,2014-07-01,2016-07-01,0.15,40,4
1986-01-01,100,162,4.70700275995255,1.42955141502199e-07,0,0,1,0.004,2014-07-01,2016-07-01,0.15,40,4
1986-04-01,101,161,4.70226197766921,1.46044780713339e-07,0,0,1,0.004,2014-07-01,2016-07-01,0.15,40,4
1986-07-01,102,160,4.71131340579242,1.4020264627046e-07,0,0,1,0.004,2014-07-01,2016-07-01,0.15,40,4
1986-10-01,103,159,4.71876885907697,1.35566694425826e-07,0,0,1,0.004,2014-07-01,2016-07-01,0.15,40,4
1987-01-01,104,158,4.6285506272896,2.03652680053068e-07,0,0,1,0.004,2014-07-01,2016-07-01,0.15,40,4
1987-04-01,105,157,4.50413753577851,3.57000435768917e-07,0,0,1,0.004,2014-07-01,2016-07-01,0.15,40,4
1987-07-01,106,156,4.50861408817765,3.49862072424045e-07,0,0,1,0.004,2014-07-01,2016-07-01,0.15,40,4
1987-10-01,107,155,4.46802788269361,4.20170744086512e-07,0,0,1,0.004,2014-07-01,2016-07-01,0.15,40,4
1988-01-01,108,154,4.50659663487072,3.53061286317846e-07,0,0,1,0.004,2014-07-01,2016-07-01,0.15,40,4
1988-04-01,109,153,4.56541661211812,2.70764995979889e-07,0,0,1,0.004,2014-07-01,2016-07-01,0.15,40,4
1988-07-01,110,152,4.66144231104473,1.75569834448552e-07,0,0,1,0.004,2014-07-01,2016-07-01,0.15,40,4
1988-10-01,111,151,4.63903103408023,1.94248064633307e-07,0,0,1,0.004,2014-07-01,2016-07-01,0.15,40,4
1989-01-01,112,150,4.62859806531041,2.03609101356861e-07,0,0,1,0.004,2014-07-01,2016-07-01,0.15,40,4
1989-04-01,113,149,4.62821579722726,2.03960535793968e-07,0,0,1,0.004,2014-07-01,2016-07-01,0.15,40,4
1989-07-01,114,148,4.6383864841992,1.94813702725227e-07,0,0,1,0.004,2014-07-01,2016-07-01,0.15,40,4
1989-10-01,115,147,4.63562264640667,1.97257910006243e-07,0,0,1,0.004,2014-07-01,2016-07-01,0.15,40,4
1990-01-01,116,146,4.66888868308653,1.69770422719928e-07,0,0,1,0.004,2014-07-01,2016-07-01,0.15,40,4
1990-04-01,117,145,4.73552474652262,1.25699728292794e-07,0,0,1,0.004,2014-07-01,2016-07-01,0.15,40,4
1990-07-01,118,144,4.72380655308044,1.32521325912904e-07,0,0,1,0.004,2014-07-01,2016-07-01,0.15,40,4
1990-10-01,119,143,4.65706192776612,1.79073560313547e-07,0,0,1,0.004,2014-07-01,2016-07-01,0.15,40,4
1991-01-01,120,142,4.88471461215516,6.41569639636685e-08,0,0,1,0.004,2014-07-01,2016-07-01,0.15,40,4
1991-04-01,121,141,4.75895296891715,1.13096941478652e-07,0,0,1,0.004,2014-07-01,2016-07-01,0.15,40,4
1991-07-01,122,140,4.771121559654,1.07058445664165e-07,0,0,1,0.004,2014-07-01,2016-07-01,0.15,40,4
1991-10-01,123,139,4.72081908998745,1.34318933642241e-07,0,0,1,0.004,2014-07-01,2016-07-01,0.15,40,4
1992-01-01,124,138,4.6045223766452,2.26970054195696e-07,0,0,1,0.004,2014-07-01,2016-07-01,0.15,40,4
1992-04-01,125,137,4.61828254399664,2.13308443686167e-07,0,0,1,0.004,2014-07-01,2016-07-01,0.15,40,4
1992-07-01,126,136,4.61567371555135,2.15833825922829e-07,0,0,1,0.004,2014-07-01,2016-07-01,0.15,40,4
1992-10-01,127,135,4.60035842960714,2.31274200346299e-07,0,0,1,0.004,2014-07-01,2016-07-01,0.15,40,4
1993-01-01,128,134,4.56352531566287,2.7308536909576e-07,0,0,1,0.004,2014-07-01,2016-07-01,0.15,40,4
1993-04-01,129,133,4.21799518553507,1.29778052693208e-06,0,0,1,0.004,2014-07-01,2016-07-01,0.15,40,4
1993-07-01,130,132,4.07001834451259,2.52775994724619e-06,0,0,1,0.004,2014-07-01,2016-07-01,0.15,40,4
1993-10-01,131,131,3.98640930933461,3.68248202298194e-06,0,0,1,0.004,2014-07-01,2016-07-01,0.15,40,4
1994-01-01,132,130,4.09721178153391,2.23643828500819e-06,0,0,1,0.004,2014-07-01,2016-07-01,0.15,40,4
1994-04-01,133,129,4.08526578266524,2.36004370512966e-06,0,0,1,0.004,2014-07-01,2016-07-01,0.15,40,4
1994-07-01,134,128,4.11252025212539,2.08743894269947e-06,0,0,1,0.004,2014-07-01,2016-07-01,0.15,40,4
1994-10-01,135,127,4.03195027934833,3.00023568178265e-06,0,0,1,0.004,2014-07-01,2016-07-01,0.15,40,4
1995-01-01,136,126,4.03700664403877,2.93273253459958e-06,0,0,1,0.004,2014-07-01,2016-07-01,0.15,40,4
1995-04-01,137,125,3.95762810364498,4.19132601825467e-06,0,0,1,0.004,2014-07-01,2016-07-01,0.15,40,4
1995-07-01,138,124,3.93816264423319,4.57462730474312e-06,0,0,1,0.004,2014-07-01,2016-07-01,0.15,40,4
1995-10-01,139,123,3.93913340951679,4.5547091348519e-06,0,0,1,0.004,2014-07-01,2016-07-01,0.15,40,4
1996-01-01,140,122,3.93868665699286,4.56386484637417e-06,0,0,1,0.004,2014-07-01,2016-07-01,0.15,40,4
1996-04-01,141,121,3.92429907052284,4.86873846483604e-06,0,0,1,0.004,2014-07-01,2016-07-01,0.15,40,4
1996-07-01,142,120,3.98232945253058,3.75068034563775e-06,0,0,1,0.004,2014-07-01,2016-07-01,0.15,40,4
1996-10-01,143,119,3.99232922431282,3.58571843950273e-06,0,0,1,0.004,2014-07-01,2016-07-01,0.15,40,4
1997-01-01,144,118,4.01889860588972,3.18172643276604e-06,0,0,1,0.004,2014-07-01,2016-07-01,0.15,40,4
1997-04-01,145,117,4.03649915070423,2.93943867268887e-06,0,0,1,0.004,2014-07-01,2016-07-01,0.15,40,4
1997-07-01,146,116,4.17719003062946,1.55982604455041e-06,0,0,1,0.004,2014-07-01,2016-07-01,0.15,40,4
1997-10-01,147,115,4.17953626943498,1.54341993152673e-06,0,0,1,0.004,2014-07-01,2016-07-01,0.15,40,4
1998-01-01,148,114,4.17980336151005,1.54156324183585e-06,0,0,1,0.004,2014-07-01,2016-07-01,0.15,40,4
1998-04-01,149,113,4.22182817505121,1.2755490069738e-06,0,0,1,0.004,2014-07-01,2016-07-01,0.15,40,4
1998-07-01,150,112,4.22600250284311,1.25177010246169e-06,0,0,1,0.004,2014-07-01,2016-07-01,0.15,40,4
1998-10-01,151,111,4.32235074591314,8.10661882622021e-07,0,0,1,0.004,2014-07-01,2016-07-01,0.15,40,4
1999-01-01,152,110,4.28053465540799,9.78908585191895e-07,0,0,1,0.004,2014-07-01,2016-07-01,0.15,40,4
1999-04-01,153,109,4.28068500307684,9.78245119354071e-07,0,0,1,0.004,2014-07-01,2016-07-01,0.15,40,4
1999-07-01,154,108,4.3346734830671,7.66833858967253e-07,0,0,1,0.004,2014-07-01,2016-07-01,0.15,40,4
1999-10-01,155,107,4.4284441758729,5.02328513896089e-07,0,0,1,0.004,2014-07-01,2016-07-01,0.15,40,4
2000-01-01,156,106,4.47434732692145,4.08359742576359e-07,0,0,1,0.004,2014-07-01,2016-07-01,0.15,40,4
2000-04-01,157,105,4.5020989498298,3.60299276302989e-07,0,0,1,0.004,2014-07-01,2016-07-01,0.15,40,4
2000-07-01,158,104,4.71070226912657,1.40589627273258e-07,0,0,1,0.004,2014-07-01,2016-07-01,0.15,40,4
2000-10-01,159,103,4.79510442061969,9.60857592380293e-08,0,0,1,0.004,2014-07-01,2016-07-01,0.15,40,4
2001-01-01,160,102,4.80108682192075,9.35288301251447e-08,0,0,1,0.004,2014-07-01,2016-07-01,0.15,40,4
2001-04-01,161,101,4.66675355995829,1.71413422345168e-07,0,0,1,0.004,2014-07-01,2016-07-01,0.15,40,4
2001-07-01,162,100,4.70571937172274,1.43785028994259e-07,0,0,1,0.004,2014-07-01,2016-07-01,0.15,40,4
2001-10-01,163,99,4.52861893745014,3.19666456638501e-07,0,0,1,0.004,2014-07-01,2016-07-01,0.15,40,4
2002-01-01,164,98,4.62517378048757,2.06778901779003e-07,0,0,1,0.004,2014-07-01,2016-07-01,0.15,40,4
2002-04-01,165,97,4.66760400483231,1.70757098016949e-07,0,0,1,0.004,2014-07-01,2016-07-01,0.15,40,4
2002-07-01,166,96,4.6738157859393,1.66038855664574e-07,0,0,1,0.004,2014-07-01,2016-07-01,0.15,40,4
2002-10-01,167,95,4.55777382795053,2.80264616514536e-07,0,0,1,0.004,2014-07-01,2016-07-01,0.15,40,4
2003-01-01,168,94,4.35896048715112,6.87263666865334e-07,0,0,1,0.004,2014-07-01,2016-07-01,0.15,40,4
2003-04-01,169,93,4.31426032810564,8.40789115552631e-07,0,0,1,0.004,2014-07-01,2016-07-01,0.15,40,4
2003-07-01,170,92,4.33126019185689,7.78731139905453e-07,0,0,1,0.004,2014-07-01,2016-07-01,0.15,40,4
2003-10-01,171,91,4.38108294151428,6.21988887727909e-07,0,0,1,0.004,2014-07-01,2016-07-01,0.15,40,4
2004-01-01,172,90,4.39807443365129,5.760926446996e-07,0,0,1,0.004,2014-07-01,2016-07-01,0.15,40,4
2004-04-01,173,89,4.23386325532763,1.2081867597491e-06,0,0,1,0.004,2014-07-01,2016-07-01,0.15,40,4
2004-07-01,174,88,4.20714370838165,1.362840113317e-06,0,0,1,0.004,2014-07-01,2016-07-01,0.15,40,4
2004-10-01,175,87,4.21660437712744,1.3059425962858e-06,0,0,1,0.004,2014-07-01,2016-07-01,0.15,40,4
2005-01-01,176,86,4.22778845911188,1.24173216631274e-06,0,0,1,0.004,2014-07-01,2016-07-01,0.15,40,4
2005-04-01,177,85,4.22886573910862,1.2357162411103e-06,0,0,1,0.004,2014-07-01,2016-07-01,0.15,40,4
2005-07-01,178,84,4.21286187531799,1.32816120756996e-06,0,0,1,0.004,2014-07-01,2016-07-01,0.15,40,4
2005-10-01,179,83,4.20048702891096,1.40435126383398e-06,0,0,1,0.004,2014-07-01,2016-07-01,0.15,40,4
2006-01-01,180,82,4.19240104367018,1.45647733817977e-06,0,0,1,0.004,2014-07-01,2016-07-01,0.15,40,4
2006-04-01,181,81,4.19561129544037,1.43555522480465e-06,0,0,1,0.004,2014-07-01,2016-07-01,0.15,40,4
2006-07-01,182,80,4.23585849915741,1.19736754544686e-06,0,0,1,0.004,2014-07-01,2016-07-01,0.15,40,4
2006-10-01,183,79,4.185363012635,1.50341765137174e-06,0,0,1,0.004,2014-07-01,2016-07-01,0.15,40,4
2007-01-01,184,78,4.22323391457582,1.26749131124093e-06,0,0,1,0.004,2014-07-01,2016-07-01,0.15,40,4
2007-04-01,185,77,4.16892303404033,1.61903299356059e-06,0,0,1,0.004,2014-07-01,2016-07-01,0.15,40,4
2007-07-01,186,76,4.19801237172075,1.42010312809138e-06,0,0,1,0.004,2014-07-01,2016-07-01,0.15,40,4
2007-10-01,187,75,4.23636833102083,1.19461853598235e-06,0,0,1,0.004,2014-07-01,2016-07-01,0.15,40,4
2008-01-01,188,74,4.23634547215936,1.19474165571898e-06,0,0,1,0.004,2014-07-01,2016-07-01,0.15,40,4
2008-04-01,189,73,4.21867801648109,1.2937919431355e-06,0,0,1,0.004,2014-07-01,2016-07-01,0.15,40,4
2008-07-01,190,72,4.40820401466449,5.50358260409389e-07,0,0,1,0.004,2014-07-01,2016-07-01,0.15,40,4
2008-10-01,191,71,4.21831901333689,1.29588744057774e-06,0,0,1,0.004,2014-07-01,2016-07-01,0.15,40,4
2009-01-01,192,70,3.83939833572998,7.1286842395768e-06,0,0,1,0.004,2014-07-01,2016-07-01,0.15,40,4
2009-04-01,193,69,3.60125810379995,2.07026315615089e-05,0,0,1,0.004,2014-07-01,2016-07-01,0.15,40,4
2009-07-01,194,68,3.59819452553423,2.09877142023362e-05,0,0,1,0.004,2014-07-01,2016-07-01,0.15,40,4
2009-10-01,195,67,3.63312666132248,1.7956064128577e-05,0,0,1,0.004,2014-07-01,2016-07-01,0.15,40,4
2010-01-01,196,66,3.86830135715677,6.26126156000328e-06,0,0,1,0.004,2014-07-01,2016-07-01,0.15,40,4
2010-04-01,197,65,4.74361043772437,1.21198774238884e-07,0,0,1,0.004,2014-07-01,2016-07-01,0.15,40,4
2010-07-01,198,64,4.72551855748074,1.31502057132415e-07,0,0,1,0.004,2014-07-01,2016-07-01,0.15,40,4
2010-10-01,199,63,4.67060433048792,1.68461639860062e-07,0,0,1,0.004,2014-07-01,2016-07-01,0.15,40,4
2011-01-01,200,62,4.5959084120171,2.35964349504236e-07,0,0,1,0.004,2014-07-01,2016-07-01,0.15,40,4
2011-04-01,201,61,4.9397179307883,5.00751327070503e-08,0,0,1,0.004,2014-07-01,2016-07-01,0.15,40,4
2011-07-01,202,60,4.89266247444172,6.18999361767791e-08,0,0,1,0.004,2014-07-01,2016-07-01,0.15,40,4
2011-10-01,203,59,5.69346953341105,1.70182279379816e-09,0,0,1,0.004,2014-07-01,2016-07-01,0.15,40,4
2012-01-01,204,58,5.68173530687549,1.79335535310798e-09,0,0,1,0.004,2014-07-01,2016-07-01,0.15,40,4
2012-04-01,205,57,5.67230804737821,1.87045956501208e-09,0,0,1,0.004,2014-07-01,2016-07-01,0.15,40,4
2012-07-01,206,56,5.60730108211142,2.50084419839425e-09,0,0,1,0.004,2014-07-01,2016-07-01,0.15,40,4
2012-10-01,207,55,5.67132780625376,1.87866533440939e-09,0,0,1,0.004,2014-07-01,2016-07-01,0.15,40,4
2013-01-01,208,54,5.72326121944263,1.48994039328443e-09,0,0,1,0.004,2014-07-01,2016-07-01,0.15,40,4
2013-04-01,209,53,5.72381062198211,1.48629231144781e-09,0,0,1,0.004,2014-07-01,2016-07-01,0.15,40,4
2013-07-01,210,52,6.25978299788635,1.37504563291202e-10,0,0,1,0.004,2014-07-01,2016-07-01,0.15,40,4
2013-10-01,211,51,6.25845716411997,1.38312583608524e-10,0,0,1,0.004,2014-07-01,2016-07-01,0.15,40,4
2014-01-01,212,50,6.26514675964038,1.34283806296764e-10,0,0,1,0.004,2014-07-01,2016-07-01,0.15,40,4
2014-04-01,213,49,6.42134565714273,6.74151845458937e-11,0,0,1,0.004,2014-07-01,2016-07-01,0.15,40,4
2014-07-01,214,48,6.42837122143806,6.53611609280347e-11,0,0,1,0.004,2014-07-01,2016-07-01,0.15,40,4
2014-10-01,215,47,6.42934449486242,6.50816067704341e-11,0,0,1,0.004,2014-07-01,2016-07-01,0.15,40,4
2015-01-01,216,46,6.59637966328797,3.12291303927736e-11,0,0,1,0.004,2014-07-01,2016-07-01,0.15,40,4
2015-04-01,217,45,6.87025368847145,9.42323996611094e-12,0,0,1,0.004,2014-07-01,2016-07-01,0.15,40,4
2015-07-01,218,44,7.08321544988796,3.73090447425284e-12,0,1,1,0.004,2014-07-01,2016-07-01,0.15,40,4
2015-10-01,219,43,7.0551459074402,4.21440660147709e-12,0,1,1,0.004,2014-07-01,2016-07-01,0.15,40,4
2016-01-01,220,42,6.99291419443711,5.52313750290523e-12,0,0,1,0.004,2014-07-01,2016-07-01,0.15,40,4
2016-04-01,221,41,6.99072061103842,5.57609514117985e-12,0,0,1,0.004,2014-07-01,2016-07-01,0.15,40,4
2016-07-01,222,40,7.40459669657568,9.29922805426031e-13,1,1,1,0.004,2014-07-01,2016-07-01,0.15,40,4
